fixture_id,archetype,query_id,target,system,gold,prediction,correct,validator_findings
f01,identity_fork_copy_public_backup,f01-q01,attitude,generic_basic,believe:true,believe:true,1,0
f01,identity_fork_copy_public_backup,f01-q02,attribution,generic_basic,evidence_copy,evidence_copy,1,0
f01,identity_fork_copy_public_backup,f01-q03,disclose,generic_basic,yes,yes,1,0
f01,identity_fork_copy_public_backup,f01-q04,justification,generic_basic,family-camera,family-camera,1,0
f01,identity_fork_copy_public_backup,f01-q05,ever_exposed,generic_basic,yes,yes,1,0
f01,identity_fork_copy_public_backup,f01-q01,attitude,generic_audited,believe:true,believe:true,1,0
f01,identity_fork_copy_public_backup,f01-q02,attribution,generic_audited,evidence_copy,evidence_copy,1,0
f01,identity_fork_copy_public_backup,f01-q03,disclose,generic_audited,yes,yes,1,0
f01,identity_fork_copy_public_backup,f01-q04,justification,generic_audited,family-camera,family-camera,1,0
f01,identity_fork_copy_public_backup,f01-q05,ever_exposed,generic_audited,yes,yes,1,0
f01,identity_fork_copy_public_backup,f01-q01,attitude,typed,believe:true,believe:true,1,0
f01,identity_fork_copy_public_backup,f01-q02,attribution,typed,evidence_copy,evidence_copy,1,0
f01,identity_fork_copy_public_backup,f01-q03,disclose,typed,yes,yes,1,0
f01,identity_fork_copy_public_backup,f01-q04,justification,typed,family-camera,family-camera,1,0
f01,identity_fork_copy_public_backup,f01-q05,ever_exposed,typed,yes,yes,1,0
f02,authorized_operational_replica,f02-q01,attribution,generic_basic,same_principal_state_replication,same_principal_state_replication,1,0
f02,authorized_operational_replica,f02-q02,merge_eligible,generic_basic,yes,yes,1,0
f02,authorized_operational_replica,f02-q03,attitude,generic_basic,believe:true,believe:true,1,0
f02,authorized_operational_replica,f02-q04,available,generic_basic,yes,yes,1,0
f02,authorized_operational_replica,f02-q01,attribution,generic_audited,same_principal_state_replication,same_principal_state_replication,1,0
f02,authorized_operational_replica,f02-q02,merge_eligible,generic_audited,yes,yes,1,0
f02,authorized_operational_replica,f02-q03,attitude,generic_audited,believe:true,believe:true,1,0
f02,authorized_operational_replica,f02-q04,available,generic_audited,yes,yes,1,0
f02,authorized_operational_replica,f02-q01,attribution,typed,same_principal_state_replication,same_principal_state_replication,1,0
f02,authorized_operational_replica,f02-q02,merge_eligible,typed,yes,yes,1,0
f02,authorized_operational_replica,f02-q03,attitude,typed,believe:true,believe:true,1,0
f02,authorized_operational_replica,f02-q04,available,typed,yes,yes,1,0
f03,identity_fork_no_first_person,f03-q01,attribution,generic_basic,evidence_copy,evidence_copy,1,0
f03,identity_fork_no_first_person,f03-q02,merge_eligible,generic_basic,no,no,1,0
f03,identity_fork_no_first_person,f03-q03,attitude,generic_basic,believe:true,believe:true,1,0
f03,identity_fork_no_first_person,f03-q01,attribution,generic_audited,evidence_copy,evidence_copy,1,0
f03,identity_fork_no_first_person,f03-q02,merge_eligible,generic_audited,no,no,1,0
f03,identity_fork_no_first_person,f03-q03,attitude,generic_audited,believe:true,believe:true,1,0
f03,identity_fork_no_first_person,f03-q01,attribution,typed,evidence_copy,evidence_copy,1,0
f03,identity_fork_no_first_person,f03-q02,merge_eligible,typed,no,no,1,0
f03,identity_fork_no_first_person,f03-q03,attitude,typed,believe:true,believe:true,1,0
f04,restore_with_recovery_gap,f04-q01,available,generic_basic,yes,yes,1,0
f04,restore_with_recovery_gap,f04-q02,available,generic_basic,no,no,1,0
f04,restore_with_recovery_gap,f04-q03,ever_exposed,generic_basic,no,no,1,0
f04,restore_with_recovery_gap,f04-q04,attribution,generic_basic,same_principal_snapshot_inheritance,same_principal_snapshot_inheritance,1,0
f04,restore_with_recovery_gap,f04-q01,available,generic_audited,yes,yes,1,0
f04,restore_with_recovery_gap,f04-q02,available,generic_audited,no,no,1,0
f04,restore_with_recovery_gap,f04-q03,ever_exposed,generic_audited,no,no,1,0
f04,restore_with_recovery_gap,f04-q04,attribution,generic_audited,same_principal_snapshot_inheritance,same_principal_snapshot_inheritance,1,0
f04,restore_with_recovery_gap,f04-q01,available,typed,yes,yes,1,0
f04,restore_with_recovery_gap,f04-q02,available,typed,no,no,1,0
f04,restore_with_recovery_gap,f04-q03,ever_exposed,typed,no,no,1,0
f04,restore_with_recovery_gap,f04-q04,attribution,typed,same_principal_snapshot_inheritance,same_principal_snapshot_inheritance,1,0
f05,world_fork_delayed_pre_fork_import,f05-q01,world,generic_basic,old,old,1,0
f05,world_fork_delayed_pre_fork_import,f05-q02,world,generic_basic,child-new,child-new,1,0
f05,world_fork_delayed_pre_fork_import,f05-q03,world,generic_basic,parent-new,parent-new,1,0
f05,world_fork_delayed_pre_fork_import,f05-q01,world,generic_audited,old,old,1,0
f05,world_fork_delayed_pre_fork_import,f05-q02,world,generic_audited,child-new,child-new,1,0
f05,world_fork_delayed_pre_fork_import,f05-q03,world,generic_audited,parent-new,parent-new,1,0
f05,world_fork_delayed_pre_fork_import,f05-q01,world,typed,old,old,1,0
f05,world_fork_delayed_pre_fork_import,f05-q02,world,typed,child-new,child-new,1,0
f05,world_fork_delayed_pre_fork_import,f05-q03,world,typed,parent-new,parent-new,1,0
f06,receipt_without_belief,f06-q01,ever_exposed,generic_basic,yes,yes,1,0
f06,receipt_without_belief,f06-q02,available,generic_basic,yes,yes,1,0
f06,receipt_without_belief,f06-q03,attitude,generic_basic,unknown,unknown,1,0
f06,receipt_without_belief,f06-q04,attribution,generic_basic,attributed_report,attributed_report,1,0
f06,receipt_without_belief,f06-q01,ever_exposed,generic_audited,yes,yes,1,0
f06,receipt_without_belief,f06-q02,available,generic_audited,yes,yes,1,0
f06,receipt_without_belief,f06-q03,attitude,generic_audited,unknown,unknown,1,0
f06,receipt_without_belief,f06-q04,attribution,generic_audited,attributed_report,attributed_report,1,0
f06,receipt_without_belief,f06-q01,ever_exposed,typed,yes,yes,1,0
f06,receipt_without_belief,f06-q02,available,typed,yes,yes,1,0
f06,receipt_without_belief,f06-q03,attitude,typed,unknown,unknown,1,0
f06,receipt_without_belief,f06-q04,attribution,typed,attributed_report,attributed_report,1,0
f07,receipt_and_rejection,f07-q01,attitude,generic_basic,disbelieve:true,disbelieve:true,1,0
f07,receipt_and_rejection,f07-q02,attribution,generic_basic,attributed_report,attributed_report,1,0
f07,receipt_and_rejection,f07-q01,attitude,generic_audited,disbelieve:true,disbelieve:true,1,0
f07,receipt_and_rejection,f07-q02,attribution,generic_audited,attributed_report,attributed_report,1,0
f07,receipt_and_rejection,f07-q01,attitude,typed,disbelieve:true,disbelieve:true,1,0
f07,receipt_and_rejection,f07-q02,attribution,typed,attributed_report,attributed_report,1,0
f08,forget_and_reacquire,f08-q01,ever_exposed,generic_basic,yes,yes,1,0
f08,forget_and_reacquire,f08-q02,available,generic_basic,no,no,1,0
f08,forget_and_reacquire,f08-q03,ever_exposed,generic_basic,yes,yes,1,0
f08,forget_and_reacquire,f08-q04,available,generic_basic,yes,yes,1,0
f08,forget_and_reacquire,f08-q01,ever_exposed,generic_audited,yes,yes,1,0
f08,forget_and_reacquire,f08-q02,available,generic_audited,no,no,1,0
f08,forget_and_reacquire,f08-q03,ever_exposed,generic_audited,yes,yes,1,0
f08,forget_and_reacquire,f08-q04,available,generic_audited,yes,yes,1,0
f08,forget_and_reacquire,f08-q01,ever_exposed,typed,yes,yes,1,0
f08,forget_and_reacquire,f08-q02,available,typed,no,no,1,0
f08,forget_and_reacquire,f08-q03,ever_exposed,typed,yes,yes,1,0
f08,forget_and_reacquire,f08-q04,available,typed,yes,yes,1,0
f09,shared_support_revoked,f09-q01,disclose,generic_basic,no,no,1,0
f09,shared_support_revoked,f09-q02,justification,generic_basic,withhold,withhold,1,0
f09,shared_support_revoked,f09-q01,disclose,generic_audited,no,no,1,0
f09,shared_support_revoked,f09-q02,justification,generic_audited,withhold,withhold,1,0
f09,shared_support_revoked,f09-q01,disclose,typed,no,no,1,0
f09,shared_support_revoked,f09-q02,justification,typed,withhold,withhold,1,0
f10,same_origin_not_independent,f10-q01,disclose,generic_basic,no,no,1,0
f10,same_origin_not_independent,f10-q02,justification,generic_basic,withhold,withhold,1,0
f10,same_origin_not_independent,f10-q01,disclose,generic_audited,no,no,1,0
f10,same_origin_not_independent,f10-q02,justification,generic_audited,withhold,withhold,1,0
f10,same_origin_not_independent,f10-q01,disclose,typed,no,no,1,0
f10,same_origin_not_independent,f10-q02,justification,typed,withhold,withhold,1,0
f11,cross_world_report,f11-q01,attitude,generic_basic,believe:true,believe:true,1,0
f11,cross_world_report,f11-q02,attitude,generic_basic,unknown,unknown,1,0
f11,cross_world_report,f11-q03,world,generic_basic,true,true,1,0
f11,cross_world_report,f11-q04,world,generic_basic,unknown,unknown,1,0
f11,cross_world_report,f11-q05,source_actor,generic_basic,m1,m1,1,0
f11,cross_world_report,f11-q01,attitude,generic_audited,believe:true,believe:true,1,0
f11,cross_world_report,f11-q02,attitude,generic_audited,unknown,unknown,1,0
f11,cross_world_report,f11-q03,world,generic_audited,true,true,1,0
f11,cross_world_report,f11-q04,world,generic_audited,unknown,unknown,1,0
f11,cross_world_report,f11-q05,source_actor,generic_audited,m1,m1,1,0
f11,cross_world_report,f11-q01,attitude,typed,believe:true,believe:true,1,0
f11,cross_world_report,f11-q02,attitude,typed,unknown,unknown,1,0
f11,cross_world_report,f11-q03,world,typed,true,true,1,0
f11,cross_world_report,f11-q04,world,typed,unknown,unknown,1,0
f11,cross_world_report,f11-q05,source_actor,typed,m1,m1,1,0
f12,multi_source_fragment_reconstruction,f12-q01,attribution,generic_basic,reconstruction,reconstruction,1,0
f12,multi_source_fragment_reconstruction,f12-q02,merge_eligible,generic_basic,no,no,1,0
f12,multi_source_fragment_reconstruction,f12-q03,attitude,generic_basic,suspect:true,suspect:true,1,0
f12,multi_source_fragment_reconstruction,f12-q01,attribution,generic_audited,reconstruction,reconstruction,1,0
f12,multi_source_fragment_reconstruction,f12-q02,merge_eligible,generic_audited,no,no,1,0
f12,multi_source_fragment_reconstruction,f12-q03,attitude,generic_audited,suspect:true,suspect:true,1,0
f12,multi_source_fragment_reconstruction,f12-q01,attribution,typed,reconstruction,reconstruction,1,0
f12,multi_source_fragment_reconstruction,f12-q02,merge_eligible,typed,no,no,1,0
f12,multi_source_fragment_reconstruction,f12-q03,attitude,typed,suspect:true,suspect:true,1,0
f13,ordinary_temporal_update_control,f13-q01,world,generic_basic,seoul,seoul,1,0
f13,ordinary_temporal_update_control,f13-q02,world,generic_basic,busan,busan,1,0
f13,ordinary_temporal_update_control,f13-q01,world,generic_audited,seoul,seoul,1,0
f13,ordinary_temporal_update_control,f13-q02,world,generic_audited,busan,busan,1,0
f13,ordinary_temporal_update_control,f13-q01,world,typed,seoul,seoul,1,0
f13,ordinary_temporal_update_control,f13-q02,world,typed,busan,busan,1,0
f14,same_principal_unsynchronized_replicas,f14-q01,available,generic_basic,yes,yes,1,0
f14,same_principal_unsynchronized_replicas,f14-q02,available,generic_basic,no,no,1,0
f14,same_principal_unsynchronized_replicas,f14-q03,ever_exposed,generic_basic,no,no,1,0
f14,same_principal_unsynchronized_replicas,f14-q01,available,generic_audited,yes,yes,1,0
f14,same_principal_unsynchronized_replicas,f14-q02,available,generic_audited,no,no,1,0
f14,same_principal_unsynchronized_replicas,f14-q03,ever_exposed,generic_audited,no,no,1,0
f14,same_principal_unsynchronized_replicas,f14-q01,available,typed,yes,yes,1,0
f14,same_principal_unsynchronized_replicas,f14-q02,available,typed,no,no,1,0
f14,same_principal_unsynchronized_replicas,f14-q03,ever_exposed,typed,no,no,1,0
