domain,episode_id,turn_id,source_line,text_sha256,information_referent_present,delete_signal_count,all_signal_operations
education,education_episode_custom_en_001_atlas_atlas_scholars_dual_track,t116,1,5e71389a2c717afb8beed07de7fcf52bf28dfa5bbf46212d3b9cd0f4450babc4,True,1,delete
education,education_episode_custom_en_001_atlas_atlas_scholars_dual_track,t134,1,774824a77fab73e316e8e73c5199b676084d7155f09bd6f7b4cf2937609f0386,True,1,delete
education,education_episode_custom_en_001_atlas_atlas_scholars_dual_track,t148,1,b83ef71d9aa367ff88b0e4bd4a58dbd45e14f61dbf61ddd3625f1377265b5acf,True,1,delete
education,education_episode_custom_en_002_beacon_grant_beacon_hall_dual_track,t097,2,d22affa6b758feab6243cb893eede5fb1a830dc471b69e0fb12f0eddee936e07,True,1,delete
education,education_episode_custom_en_002_beacon_grant_beacon_hall_dual_track,t099,2,ce9388b529d689b734b1cef4b853db5a10fce9227a594b0ad74febcfad849301,True,1,delete
education,education_episode_custom_en_002_beacon_grant_beacon_hall_dual_track,t101,2,2e0c600b3dafd4b9f80e80911bf7a883bcd4cb26896664e993c11c8135f86555,True,1,delete
education,education_episode_custom_en_003_cedar_review_cedar_commons_dual_track,t114,3,043dad75664a145e3080ff61fcf077fd933677914976488fc615f883e7ab362b,True,1,delete
education,education_episode_custom_en_003_cedar_review_cedar_commons_dual_track,t116,3,f58307ff25eabab66549a01aae2bff35bbf6fa8be9929f1b75ab80e5d8a9652d,True,1,delete
education,education_episode_custom_en_004_orchid_committee_orchid_commons_dual_track,t145,4,9245539d02d846e90ba3ec0ea0071e3926d0c513b786a030fb05bd253da5aaae,True,1,delete
education,education_episode_custom_en_004_orchid_committee_orchid_commons_dual_track,t149,4,27f2ccaf9d2b6aebdf462dab4930d52ccd1c5b8c12874d3474f744b6672fe06d,True,1,delete
education,education_episode_custom_en_005_lumen_review_lumen_leaders_dual_track,t154,5,7fe60a18a8bce23ab1082ef14f37dcfaab51f340381714861783c0fe48e4c6ae,True,1,delete
education,education_episode_custom_en_005_lumen_review_lumen_leaders_dual_track,t158,5,ddf2c22a8bf32de99058ee4300e749345f93f60fb3131db7f18c75f8cf874417,True,1,delete
education,education_episode_custom_en_006_harbor_review_harbor_leaders_dual_track,t145,6,7f391cfd563bfb07d4b7170feb6b44b3f37631283be7e75cb9dcac79d4903a7e,True,1,delete
education,education_episode_custom_en_006_harbor_review_harbor_leaders_dual_track,t149,6,2cedd46452bba37280f545c87a899a827f190b626fd56af9d20540f41717bb6b,True,1,delete
education,education_episode_custom_en_008_cobalt_placement_cobalt_fellows_dual_track,t179,8,143eb6391c4b543fc7cb6c05eb0d3f2aa66547c8255d7c06738d94a4874c6f64,True,1,delete
education,education_episode_custom_en_008_cobalt_placement_cobalt_fellows_dual_track,t182,8,9a7445a526c3efa26cd84d7f556bb7671b53b6d68e955b3eb086b683e2a6f165,True,1,delete
education,education_episode_custom_en_009_tidal_exchange_tidal_leaders_dual_track,t168,9,4a1b8c9e7da32ece39ee37321a53da558ce809bd817c272e8f5d5ae155defb5d,True,1,delete;restrict
education,education_episode_custom_en_009_tidal_exchange_tidal_leaders_dual_track,t172,9,2ce81a77acf4b24bcb7cde7936cbbda966c71fb38b3df95eb66b094d3c42f766,True,1,delete
education,education_episode_custom_en_009_tidal_exchange_tidal_leaders_dual_track,t174,9,23192a15d42c5e2a75befdb71c0f8b6b0a24ff40ba1435e23fb29b5f68d64763,True,1,delete
education,education_episode_custom_en_010_northstar_petition_northstar_fellows_dual_track,t161,10,c201c94d37407e1e591df5efb6427c3055b64f55fed600a98d79f21c95765db7,True,1,delete
education,education_episode_custom_en_010_northstar_petition_northstar_fellows_dual_track,t165,10,43486d4ca358cef66db208737ddca6d160d5ccb91de6abb0e68cbf5354d36f4c,True,1,delete
education,education_episode_custom_en_010_northstar_petition_northstar_fellows_dual_track,t167,10,90b863505321e7500d5b487e404f26be2e0fdfa2076f5b8f02ed5018f8e22808,True,1,delete
education,education_episode_custom_en_010_northstar_petition_northstar_fellows_dual_track,t169,10,4af1fff57624024b7f932d82236785a64ce7a48d5944a9a08c766d7baa54a08c,True,1,delete
education,education_episode_custom_en_011_keystone_candidacy_keystone_fellows_dual_track,t165,11,5cd974a686c032efe9e1bcffae1229d3bcc7d42975c5bf8f5196a814f241e305,True,1,delete
education,education_episode_custom_en_011_keystone_candidacy_keystone_fellows_dual_track,t166,11,e587d0d2e540771f2d956b465cbdc6d739087ede9d6a45924d2e2e6b005b2aeb,True,1,delete
education,education_episode_custom_en_011_keystone_candidacy_keystone_fellows_dual_track,t167,11,a945130214e9ff588ec03bce59af067669002b46164f649b821ca89302b39a2e,True,1,delete
education,education_episode_custom_en_011_keystone_candidacy_keystone_fellows_dual_track,t168,11,0c14ae54fc0ef405cd52a6d16f4e8ebd5243a73b101b8083e68ff87990f2c007,True,1,delete
education,education_episode_custom_en_012_monarch_nomination_monarch_mentors_dual_track,t155,12,f02d3ee5faa4521994ef3f527b673eacac085361f5b91fefedba182d18e22f87,True,1,delete
education,education_episode_custom_en_013_palisade_panel_palisade_partners_dual_track,t121,13,772012e56d1a4d45ac1fbdb2f68f513d8ac23d18c1c8fcae1797196212c21a7a,True,1,delete
education,education_episode_custom_en_015_aster_waiver_aster_fellows_dual_track,t190,15,2e39d8a9c5a17d62754b8d849be717b0db93564f36b50971f2e8c4247321c513,True,1,delete
education,education_episode_custom_en_021_juniper_residence_juniper_residents_dual_track,t194,21,d8d41b3ab94b82dadbf6aab6eea1d557d7509428f9badd31218becf7ccd48d64,True,1,delete
education,education_episode_custom_en_021_juniper_residence_juniper_residents_dual_track,t195,21,a089ea7c456cf0ee90d9215cbd19da62a077a0fd7ec32dccc32c193a81878786,True,1,delete
education,education_episode_custom_en_021_juniper_residence_juniper_residents_dual_track,t196,21,f14a18fe46b4afec0c08661ccf6711ac7eb3831ae66497945bb78d4329e56230,True,1,delete
education,education_episode_custom_en_021_juniper_residence_juniper_residents_dual_track,t197,21,286179e556776128546e75acc2d46c935800e337acbcf76bdd31fe047213cfaa,True,1,delete
education,education_episode_custom_en_021_juniper_residence_juniper_residents_dual_track,t198,21,91fd81c1a2bfc566a79113b0b251a1dfff585c0199a8dcb0e23b2616519575f9,True,1,delete
education,education_episode_custom_en_022_orbit_review_orbit_mentors_dual_track,t194,22,19fbc0beaeea98ea902902ff8d41a4372b9baad556595d64a3f2ca9beba06e27,True,1,delete
education,education_episode_custom_en_022_orbit_review_orbit_mentors_dual_track,t195,22,d71c725d5555314202152527a6bf717b67746a573619670c949bd3f245d86549,True,1,delete
education,education_episode_custom_en_022_orbit_review_orbit_mentors_dual_track,t196,22,f25c348f7a27da98875de022ef4b1598ad1ef0bbfc10309f81935cf981838403,True,1,delete
education,education_episode_custom_en_022_orbit_review_orbit_mentors_dual_track,t197,22,47c876549c73816b6af66d5626bc7e606230c62b5e6ff85dd34a37c35c0fb80f,True,1,delete
education,education_episode_custom_en_022_orbit_review_orbit_mentors_dual_track,t198,22,d7bb4ed321a7d34548f71d34725924414f18ea86ed6e08b148557f1f3f20dd04,True,1,delete
education,education_episode_custom_en_025_hollow_capstone_hollow_coaches_dual_track,t203,25,392a020bb5bbc8566313d6ca8b183b7417f4fab4eb116a991baef6ec96c087e5,True,1,delete
education,education_episode_custom_en_025_hollow_capstone_hollow_coaches_dual_track,t204,25,1c5b12166020562db54f38aa738646082422b9b48f5244525b14a5afe01d7005,True,1,delete
education,education_episode_custom_en_025_hollow_capstone_hollow_coaches_dual_track,t205,25,caa30b2cef0757a8154182348b8725ed0b1ec8e295179504f4591171d79f65e0,True,1,delete
education,education_episode_custom_en_025_hollow_capstone_hollow_coaches_dual_track,t206,25,80bc18ce08335fe7901e0902a997b7edf306a9968a2068db5a285cda2ba2e435,True,1,delete
education,education_episode_custom_en_025_hollow_capstone_hollow_coaches_dual_track,t207,25,29651f6fbe0d58c41b3c85fd67e438a05da235a7403d4be7f4f97b15b6d46945,True,1,delete
education,education_episode_custom_en_026_ember_practicum_ember_guides_dual_track,t203,26,f069acb14fa6161d6ca4fcc2fa33cc6338d34f81bf0b90e0105d0d9dea4f2995,True,1,delete
education,education_episode_custom_en_026_ember_practicum_ember_guides_dual_track,t204,26,47e51616a0f4ae4e542904df9700cd0c5e195d361426a02df6427bcf72cab899,True,1,delete
education,education_episode_custom_en_026_ember_practicum_ember_guides_dual_track,t205,26,0541caf0a12ffa1b74a37e439d8a69d9b76098491acf59bf1d3392b0d0dced68,True,1,delete
education,education_episode_custom_en_026_ember_practicum_ember_guides_dual_track,t206,26,8a4b0cfdab1d2274b7d17f4f41ca5a677f9172f5d512c2bdb41e9df28db45f7b,True,1,delete
education,education_episode_custom_en_026_ember_practicum_ember_guides_dual_track,t207,26,8c5de4ef6465d15a67700f793ed00b9372bf4c86e18bd434c80455657ad1acc8,True,1,delete
education,education_episode_custom_en_027_meridian_placement_meridian_mentors_dual_track,t203,27,6076759c5feabc6f3e44adc05aa0b4dc13d62c0d073553fb3032673df9064b8b,True,1,delete
education,education_episode_custom_en_027_meridian_placement_meridian_mentors_dual_track,t204,27,e17bd77ad923589c47b7756bc50692b70c518f487a9fce17c9eb01430aa1549d,True,1,delete
education,education_episode_custom_en_027_meridian_placement_meridian_mentors_dual_track,t205,27,c9e8cea67b2be4df910a613bfb8cf9b14b0167a22099afd1c9cf51b0fb443a60,True,1,delete
education,education_episode_custom_en_027_meridian_placement_meridian_mentors_dual_track,t206,27,0d9329a47f14fced7ffb22cdf403eeb9effc8edf1a2a1b2758a2dafeab05c401,True,1,delete
education,education_episode_custom_en_027_meridian_placement_meridian_mentors_dual_track,t207,27,e7be8331f8abdf835f9edaf0f6fa7b213941d99ca3fc6dbbe17cc203569626dd,True,1,delete
education,education_episode_custom_en_028_cinder_clearance_cinder_connectors_dual_track,t199,28,79cf5ec0aeed53e305a2382c749564b4a51ec017c3cbd41b9c10cd5e9686a913,True,1,delete
education,education_episode_custom_en_028_cinder_clearance_cinder_connectors_dual_track,t200,28,8f00dd867ec7916729c5cdb0137d2f80853ece1ba89d22dd9185e8829c61b236,False,0,
education,education_episode_custom_en_028_cinder_clearance_cinder_connectors_dual_track,t203,28,2060517eae363962ce9f9c1db5dda9e813ee58e7b3ab2d7d564a396e2b772667,True,1,delete
education,education_episode_custom_en_028_cinder_clearance_cinder_connectors_dual_track,t204,28,95077ca27b11dde36f29abccddf6fca5ec90b6891e01983c0da86ec7fe5d4d85,True,1,delete
education,education_episode_custom_en_029_paragon_petition_paragon_coaches_dual_track,t199,29,cde953df3dc4c735b971ce9a0f66952a9187175a0f0f1099f3fb58838ce46360,True,1,delete
education,education_episode_custom_en_029_paragon_petition_paragon_coaches_dual_track,t200,29,d98bff16ac844c399204b2e108d2444e5cf597a1def52dd521b57d1d254ad5ca,False,0,
education,education_episode_custom_en_029_paragon_petition_paragon_coaches_dual_track,t203,29,99419299e7405d79f9ae96e663d07bcb30c6c10a2e6944a436791779d312880e,True,1,delete
education,education_episode_custom_en_029_paragon_petition_paragon_coaches_dual_track,t204,29,986c17e68dab1d6e8b9eacde97e89043ba7924f6d8d8d7148bdb9797725a8b2e,True,1,delete
education,education_episode_custom_en_030_helix_petition_helix_coaches_dual_track,t199,30,917b5a5770ee30b94eaae787ef0b534b8338e3940194b4fde0c27968f52ecaaf,True,1,delete
education,education_episode_custom_en_030_helix_petition_helix_coaches_dual_track,t200,30,481e7fa05a674d4d219d28e2b765aa3c46f4d86174a2d351a2bb3789797b3e4b,False,0,
education,education_episode_custom_en_030_helix_petition_helix_coaches_dual_track,t203,30,8fbfa5e38ad05c98ecee3ec45f201840ae4a13d9e48dd430c11d0f698ef0eacd,True,1,delete
education,education_episode_custom_en_030_helix_petition_helix_coaches_dual_track,t204,30,40c754b6385b65c64cb1947eef18ca8ba04756e45faf9924e9a8ead7f590687c,True,1,delete
household,household_episode_custom_en_001_oak_entry_oak_cleaning_dual_access,t037,1,29b9bf9d03345bc83172587f35a0054f05d682a7fbcb8663ed1687603c64f994,True,1,delete
household,household_episode_custom_en_001_oak_entry_oak_cleaning_dual_access,t046,1,a5848dc973b3d9c44821659e82fac3dfc7c581f963d99f55fb67a1cd95f0465f,True,1,delete
household,household_episode_custom_en_001_oak_entry_oak_cleaning_dual_access,t048,1,b55af6047e3f7909d6767f03612d76a8ae9fd55def5db6d1615d64d28a32ff24,True,1,delete
household,household_episode_custom_en_001_oak_entry_oak_cleaning_dual_access,t089,1,57e8977fe0415eb56839183888d55bf8621206c8933ca93deca925f1214102d4,True,1,delete
household,household_episode_custom_en_001_oak_entry_oak_cleaning_dual_access,t136,1,d42e833ff449abd6550a84406aa71df8a33e9595232a6c24fb153d8d94dda1b4,True,1,delete
household,household_episode_custom_en_002_cedar_care_cedar_carpool_dual_support,t087,2,69634a0c175d65ff374a262f0b231a2a68ae793e57b082742d0e9fc4a379c3ee,True,1,delete
household,household_episode_custom_en_002_cedar_care_cedar_carpool_dual_support,t093,2,bde44caa3afa6afb70b05a896e83589cc57379a4205bb61ba8378b266948cb92,True,1,delete
household,household_episode_custom_en_002_cedar_care_cedar_carpool_dual_support,t104,2,699c69c486587ff22df63447cbdb5ca024ff1edeab4ea202b8cfcde1074351dc,True,1,delete
household,household_episode_custom_en_003_maple_watch_maple_works_travel_service,t036,3,48c260fb94f726842a463210a743a3ed2c2b57099ab568fc50762dabfe719c2e,False,0,
household,household_episode_custom_en_003_maple_watch_maple_works_travel_service,t062,3,1aef422d0f1477c5f0630ac9312294c2fa27d7fab93fe2fcf2737d918b074fb0,False,0,
household,household_episode_custom_en_003_maple_watch_maple_works_travel_service,t084,3,857caa01f041f0e5818ca80b295ec2cdb4b3d43b8513116caf518301769fe34d,False,0,
household,household_episode_custom_en_004_beacon_guest_beacon_guestmode_event_device,t032,4,a0bb7d41c223f718a37021500d20d107e0d4a6103e97a93240ecf11ad8fb024f,True,1,delete
household,household_episode_custom_en_004_beacon_guest_beacon_guestmode_event_device,t094,4,f94a41236b5d82aebfe2bec9e429df38a2cecbde4aebb19a84ac598076f85f60,True,1,delete
household,household_episode_custom_en_005_harbor_garage_harbor_charger_vehicle_return,t035,5,c0b7bf360979b70c69231e04eec708382889d6827b3f81fda95dc831c7db520b,True,1,delete
household,household_episode_custom_en_005_harbor_garage_harbor_charger_vehicle_return,t042,5,5b53d4961cc877afead370f5cd9882dd162e94df359ec8ddc972f6da11081f87,True,1,delete
household,household_episode_custom_en_005_harbor_garage_harbor_charger_vehicle_return,t067,5,c8849eff906cb5768e74af34995cc7e9618d32f785f6f55f76f417a6e8dea97f,True,1,delete
household,household_episode_custom_en_005_harbor_garage_harbor_charger_vehicle_return,t075,5,6904cdc20a66768f80fcc4250f20f0e2e4c65ba952bb8b5678b3a3852a559d6e,True,1,delete
household,household_episode_custom_en_005_harbor_garage_harbor_charger_vehicle_return,t080,5,055ba99cc4a2397ffcfd33ab4686469b4cf7a254d909b2835c195efc12780683,True,1,delete
household,household_episode_custom_en_006_willow_sleep_willow_screen_child_overnight,t088,6,444ec24146252ba3187a6c902b7f19d7c70de16bc5a21aed15a989d2dba307cf,True,1,delete
household,household_episode_custom_en_006_willow_sleep_willow_screen_child_overnight,t124,6,ab3728ca1bee2aeffed2b3134bd022c9277578ce47d0e1e276a1e43cba21e685,True,1,delete
household,household_episode_custom_en_006_willow_sleep_willow_screen_child_overnight,t148,6,f8522a91c88fae61add497370653654659b5bd8419adc7188d158fd852a5e039,True,1,delete
household,household_episode_custom_en_006_willow_sleep_willow_screen_child_overnight,t165,6,84816b9b8f4384eca5b47c40fe84da85e79434f5cc20b84eff00d77ff55e8750,True,1,delete
household,household_episode_custom_en_007_juniper_paws_juniper_parcel_pet_courier,t092,7,1b7ee9cb0653ad506ec443a26a774beb1146afcf2b33d2ab8609bd6a4289e8a7,True,1,delete
household,household_episode_custom_en_007_juniper_paws_juniper_parcel_pet_courier,t099,7,a5c55199a16195880b3145f918bf4d13c36d14917559b9a39162095e61c24bfe,True,1,delete
household,household_episode_custom_en_007_juniper_paws_juniper_parcel_pet_courier,t106,7,ff1a170244dd2954b426f19af687dab4e52c52cf226b4d53aa3ab2a094ffae58,True,1,delete
household,household_episode_custom_en_007_juniper_paws_juniper_parcel_pet_courier,t148,7,ba64e2df3882f402d7463bcc28fd92e8ffd128720789db527baeea3c694d4564,True,1,delete
household,household_episode_custom_en_007_juniper_paws_juniper_parcel_pet_courier,t149,7,6e81667f23d286f54c4b3109bfeace3d81d15e38f03babeb51d36a91c6fe44b8,False,0,
household,household_episode_custom_en_007_juniper_paws_juniper_parcel_pet_courier,t172,7,daa2fd7d49313b1b6c1c970ff0d0197d37f6fb2b6089932b183d994e83483bee,True,1,delete;restrict
household,household_episode_custom_en_008_saffron_supper_saffron_stems_surprise_setup,t073,8,e4fbd0c81ecc16d131e6ab4b6365f28c3878c9f29a5971802a8614eac570524a,False,0,
household,household_episode_custom_en_008_saffron_supper_saffron_stems_surprise_setup,t108,8,9883e379fdcc49db7644aecff02ed7450e79ed0a0ba60881d56a9f3ed2beba19,False,0,
household,household_episode_custom_en_008_saffron_supper_saffron_stems_surprise_setup,t145,8,98d23da7200cada85da42f679c751064466c7cfb5691edb8925b94f5ac80881d,True,1,delete
household,household_episode_custom_en_009_linden_lesson_linden_listen_tutor_music_private_note,t096,9,04e1eb2081714bf278a9a05b903d61c6488f47736a405a4b79071ad1879dca78,False,0,
household,household_episode_custom_en_009_linden_lesson_linden_listen_tutor_music_private_note,t174,9,554c3cc090fac399364bfacee77005e63569d4d38023aa76d657cc2e64e038ae,True,1,delete
household,household_episode_custom_en_010_rowan_wardrobe_rowan_wash_tailor_linen_private_note,t072,10,3c1664892044ab2e3cebe748186f46b506dedea6e72c3a1b8708bbd2cc3d0e31,True,1,delete
household,household_episode_custom_en_010_rowan_wardrobe_rowan_wash_tailor_linen_private_note,t109,10,e1b6611fa5fa65743e84b4ca1886ca5fa16853093b9257069172989ddc2ac8ad,True,1,delete
household,household_episode_custom_en_010_rowan_wardrobe_rowan_wash_tailor_linen_private_note,t129,10,c6149ca23ce5f39ca2edea941fd45ba395496273bac07abb4156d945b9222f5e,True,1,delete
household,household_episode_custom_en_010_rowan_wardrobe_rowan_wash_tailor_linen_private_note,t147,10,d5c00bfc446c416ba98556c389ea98ab1fcfed57e47e7d7e962399886986dc27,True,1,delete
household,household_episode_custom_en_010_rowan_wardrobe_rowan_wash_tailor_linen_private_note,t175,10,d845e2a459f120c8788c59ea10f085678c7ae89f9c700581b2e8a11c65d6e39c,True,1,delete
household,household_episode_custom_en_012_birch_booth_birch_bins_yardsale_donation_private_note,t102,12,9610d952e7dabe40dbdef2c14260657e6fe9d575802cc81fb7b3708cbf62ea6b,False,0,
household,household_episode_custom_en_012_birch_booth_birch_bins_yardsale_donation_private_note,t127,12,631732b0aec1412949e2d159eca0d7b0180cd286b9d028fc1113dc805f451fe0,False,0,
household,household_episode_custom_en_012_birch_booth_birch_bins_yardsale_donation_private_note,t155,12,aefc8f2831b784b40a61bb83e99a70b0ff54b112cf5024d2766d50bcbe901398,True,1,delete
household,household_episode_custom_en_012_birch_booth_birch_bins_yardsale_donation_private_note,t171,12,fe3a8d1c424e742c259e3a00e46a7f8f7370d0975175bd651b2b379babdf8d7b,False,0,
household,household_episode_custom_en_013_coral_pool_coral_cabana_swim_storage_private_note,t062,13,6cfa2365634828d313c50b20994f3ef8c9fb1c5c2d94fe67f656b2297be64291,True,1,delete
household,household_episode_custom_en_013_coral_pool_coral_cabana_swim_storage_private_note,t115,13,69832b655067572d51e165d21a3c08587118b91610dbedab94b8144bb29a544a,True,1,delete
household,household_episode_custom_en_013_coral_pool_coral_cabana_swim_storage_private_note,t139,13,d65244d3b9dce14cf499ddfffd7cef0d6f9c815f4467b4a0cb995d6b2203c755,True,1,delete
household,household_episode_custom_en_013_coral_pool_coral_cabana_swim_storage_private_note,t157,13,4f7a55886339092cb7900bdea7d7feb253bca479c683b6540557e8fa6a079bbd,True,1,delete
household,household_episode_custom_en_014_cypress_storm_cypress_supply_readiness_private_note,t091,14,51c4e115fc19886ca7da19425016c36daf8546414982b074bafc96d3bc386180,False,0,
household,household_episode_custom_en_014_cypress_storm_cypress_supply_readiness_private_note,t093,14,a487726deb00b5cca6c7886cbe6ec6e61c78e74d314a80b36ce6e9afd1bad4c2,False,0,
household,household_episode_custom_en_015_magnolia_frames_magnolia_freeze_gallery_meal_private_note,t063,15,828ac209aefe9bc914b4ca200fc5c93b8b92a1a40b21825900c3e64bbf8d46b0,True,1,delete
household,household_episode_custom_en_015_magnolia_frames_magnolia_freeze_gallery_meal_private_note,t064,15,2c27cd6c88786ce21cf0fbd77b5830d418bd18d2b2577472461de8f67c032a51,False,0,
household,household_episode_custom_en_015_magnolia_frames_magnolia_freeze_gallery_meal_private_note,t065,15,6ba050afd961e8bbddd786d8510c312a8fde21cacd6d17e75667defd4c939f4c,True,1,delete
household,household_episode_custom_en_015_magnolia_frames_magnolia_freeze_gallery_meal_private_note,t075,15,9b3cc7b2006795d789f82be95ae5e72154c5bd808020db63aab4ca419679ea14,True,1,delete
household,household_episode_custom_en_015_magnolia_frames_magnolia_freeze_gallery_meal_private_note,t076,15,59adff28eb5d11068ef9afd448ce610bbbb19b6ea365eb31e5abae2701c22eec,True,1,delete
household,household_episode_custom_en_015_magnolia_frames_magnolia_freeze_gallery_meal_private_note,t080,15,727209855d0865b561c927ae396a989c28667444d7569d42689f12877da784fc,True,1,delete
household,household_episode_custom_en_015_magnolia_frames_magnolia_freeze_gallery_meal_private_note,t081,15,bb4a9a3a2520d4a1d887cedfb25c66c67a95fe598810b0a3deeb2c7b461cca34,True,1,delete
household,household_episode_custom_en_016_laurel_lift_laurel_locker_gym_supply_private_note,t152,16,477fed7da3f94c942c61b21a46003343d8813ce368e32bdca048c030c92851cc,False,0,
household,household_episode_custom_en_016_laurel_lift_laurel_locker_gym_supply_private_note,t174,16,03a230616ac86f418f6f36d10a86e6ba9515af45bf73cf164bd8ac039016a3c4,True,1,delete
household,household_episode_custom_en_016_laurel_lift_laurel_locker_gym_supply_private_note,t175,16,692e27bf4e4ad80aefeb211b4a2078bf7ca1a96caf24f068ba7ad146debd78d2,True,1,delete
household,household_episode_custom_en_016_laurel_lift_laurel_locker_gym_supply_private_note,t176,16,a17f523d94063d72d5c2c4d48859f17e6299c1ee9fac5c132036668b7fe4a290,True,1,delete
household,household_episode_custom_en_016_laurel_lift_laurel_locker_gym_supply_private_note,t177,16,db643708bda13e5416461599b59a6c57f50a5bc3bf90d5e0bb7c9bacab24bb41,True,1,delete
household,household_episode_custom_en_016_laurel_lift_laurel_locker_gym_supply_private_note,t178,16,91f4bab373506b197f2a1debe8198bef97c1ad070d07e33ab4ab235476dd60fb,True,1,delete
household,household_episode_custom_en_017_apricot_archive_apricot_adapter_media_backup_private_note,t152,17,477fed7da3f94c942c61b21a46003343d8813ce368e32bdca048c030c92851cc,False,0,
household,household_episode_custom_en_017_apricot_archive_apricot_adapter_media_backup_private_note,t174,17,256b8a6d75fad98b3198b9e4dfaf736595c9b39f35358f3eb37a82c7dc8ef50a,True,1,delete
household,household_episode_custom_en_017_apricot_archive_apricot_adapter_media_backup_private_note,t175,17,d81db8a79204c902af3c0866ddd2c092f6a2bf2a8ec7f6807827040dba01659f,True,1,delete
household,household_episode_custom_en_017_apricot_archive_apricot_adapter_media_backup_private_note,t176,17,df31a7c5604efa81f94897b502e73b5f9f32bc886db6f9b5bfb117663e089fd9,True,1,delete
household,household_episode_custom_en_017_apricot_archive_apricot_adapter_media_backup_private_note,t177,17,5ef3db711ad4dae197d77bacc39ee494c954e4d24ce2bc5f9f4079a6f66dae30,True,1,delete
household,household_episode_custom_en_017_apricot_archive_apricot_adapter_media_backup_private_note,t178,17,be1085f99ebd23b63c111cc6a9076dfa16acb004d42b541b6ce8215719a446da,True,1,delete
household,household_episode_custom_en_018_slate_sweep_slate_soap_robot_supply_private_note,t152,18,477fed7da3f94c942c61b21a46003343d8813ce368e32bdca048c030c92851cc,False,0,
household,household_episode_custom_en_018_slate_sweep_slate_soap_robot_supply_private_note,t174,18,462de7861ba5ec940d47cb268be6cf7335ffad0fba678f99665c52f5b0528855,True,1,delete
household,household_episode_custom_en_018_slate_sweep_slate_soap_robot_supply_private_note,t175,18,14f2807046571bed5fd38700025b4d5480bcec1f4089aece8d4e6d6ca127dadb,True,1,delete
household,household_episode_custom_en_018_slate_sweep_slate_soap_robot_supply_private_note,t176,18,13f5ba4d5d63c9f871415e3b70391f76d956b6b7f6a8e85583e017587e1d0f91,True,1,delete
household,household_episode_custom_en_018_slate_sweep_slate_soap_robot_supply_private_note,t177,18,778d74106188a7254673c05fde97edfd6d4667bdccb4819ae6bc9be13bba1068,True,1,delete
household,household_episode_custom_en_018_slate_sweep_slate_soap_robot_supply_private_note,t178,18,adc4d7709360e7a543853a1785cc828fcb46b13298527284e413554c3031e1b9,True,1,delete
household,household_episode_custom_en_020_pine_pedals_pine_packs_bike_storage_private_note,t114,20,b91c95197fc5e5b09b6099d6bc94a6e9ad57391683ec977db90741102ba27763,False,0,
household,household_episode_custom_en_020_pine_pedals_pine_packs_bike_storage_private_note,t115,20,9c3e2840297f018b809673ae81afe37131a779cc74eeca1cd3e288ce42c9f1bb,False,0,
household,household_episode_custom_en_020_pine_pedals_pine_packs_bike_storage_private_note,t117,20,77fa9febc750133ef901d290de57bf0caa91ca0f075688375c1806fb7a2a4051,False,0,
household,household_episode_custom_en_020_pine_pedals_pine_packs_bike_storage_private_note,t118,20,ac43cefe40ae2d385f0d8a028fcb61c77ae10c97c07d6f081713ed66696f3d18,False,0,
household,household_episode_custom_en_020_pine_pedals_pine_packs_bike_storage_private_note,t120,20,a9854b3d713dbbe91d7e5b243fea4615be1f7c50d1c1d88af28b6c09eae8cdfd,False,0,
household,household_episode_custom_en_020_pine_pedals_pine_packs_bike_storage_private_note,t121,20,ea3275c87a19e7858bfec17710bdcc6ffaa9d190c1651bb115dc28f2c302eeeb,False,0,
household,household_episode_custom_en_021_clover_crust_clover_crate_bake_pantry_private_note,t146,21,3faef0173d5e7e9790b7b234935f76808dde4a2219f2cb5e19149054d4704d99,True,1,delete
household,household_episode_custom_en_021_clover_crust_clover_crate_bake_pantry_private_note,t148,21,196cf1c5419f664421a30d70343a585e88ff3c83fb8ae8d474cc359a8afe6188,False,0,
household,household_episode_custom_en_021_clover_crust_clover_crate_bake_pantry_private_note,t150,21,53cc668a3ed9518a74e3b9d20508ebc28d17241fc5300700982a1596d0eb97bc,True,1,delete
household,household_episode_custom_en_021_clover_crust_clover_crate_bake_pantry_private_note,t152,21,10bd25ae95d9a69d72bab2814f1377854e148b5a49a4b687e7e935ee6df5b1bf,True,1,delete
household,household_episode_custom_en_021_clover_crust_clover_crate_bake_pantry_private_note,t154,21,620f6fa1b7902bf6a9b4c5d133b05d2c4a441c065c8baed282e02335d61755f9,False,0,
household,household_episode_custom_en_021_clover_crust_clover_crate_bake_pantry_private_note,t156,21,db2ec70b518e48d9ad47b953b74f1833cc91b60da5a01d0f8db117069e0ddc0f,False,0,
household,household_episode_custom_en_022_marigold_easel_marigold_caddy_art_supply_private_note,t148,22,a37d94a2babfc2a8f678f176049c805f5a82c64e9b84ba3f16c10a3abf969ec2,True,1,delete
household,household_episode_custom_en_022_marigold_easel_marigold_caddy_art_supply_private_note,t150,22,cafa45a3baa5ad70a36d1156ea2b57de6d1d3438014cef863cf0bb39c9d63396,True,1,delete
household,household_episode_custom_en_022_marigold_easel_marigold_caddy_art_supply_private_note,t152,22,2b95df03e94bdb18ce73428b8526d33dddbc9b0eb81db6d899d33f27dc88e6d5,False,0,
household,household_episode_custom_en_022_marigold_easel_marigold_caddy_art_supply_private_note,t154,22,0e66c9d10a805f180e2da1b80c7b7cf48c82a0732cc8712fb5cd39b7af85bac7,True,1,delete
household,household_episode_custom_en_023_cinder_hearth_cinder_hamper_fireplace_supply_private_note,t154,23,2c1e08684e88ee45b9959927426fe6fb19c0b977f241250d726ca607de393202,False,0,
household,household_episode_custom_en_023_cinder_hearth_cinder_hamper_fireplace_supply_private_note,t156,23,5f1ed2c9c98cda724c016009a352c93dbe391aaffbf0432b3b94147e5857010d,False,0,
household,household_episode_custom_en_023_cinder_hearth_cinder_hamper_fireplace_supply_private_note,t157,23,fd1afb9211850eaa557200f6326dfc337846fcc1a03fc38b1c68d29dcd49ef5a,False,0,
household,household_episode_custom_en_023_cinder_hearth_cinder_hamper_fireplace_supply_private_note,t158,23,7373d234933ef5abfeaa593c964984adddf42e599ae8f01cf8a425d4e8540fdc,False,0,
household,household_episode_custom_en_023_cinder_hearth_cinder_hamper_fireplace_supply_private_note,t160,23,bd0e3468abc511afca9cb3185a941f4fd0ca19d957094b1b48f675ef42986b63,False,0,
medical,med_episode_rewrite_en_002_cardiology_afib_cardioversion_confidential_backup,t157,2,3e0285187bc2eb4acd887f3a8784a0f999c35350345dafc81a45d5ae78893f48,False,0,
medical,med_episode_rewrite_en_002_cardiology_afib_cardioversion_confidential_backup,t159,2,f739cd1ea1136acb78cbf35590ffdc3bf9ff20aaf874d0f2932d742e4817a35a,True,1,delete
medical,med_episode_rewrite_en_003_hepatitisC_mavyret_deleted_recovery_contact,t126,3,0c228cd88435de9b0305b198bcaf99300f9072e3ccd575e0c62fc1356e14bd15,True,1,delete
medical,med_episode_rewrite_en_003_hepatitisC_mavyret_deleted_recovery_contact,t127,3,2a3905977a72c0fafc04996acb1ce98b6b7c947987f04d1bc43683e2bd13c01a,True,1,delete
medical,med_episode_rewrite_en_004_obgyn_postpartum_htn_gdm_deleted_safe_contact,t146,4,7c3508728bb6aa338576290584ffc365c273365300c7f49a522294290247865a,True,1,delete
medical,med_episode_rewrite_en_004_obgyn_postpartum_htn_gdm_deleted_safe_contact,t147,4,36b60b53ca6bc9dca14b986e65546b8ffb16e277b2d41e43a5ad112f847d9b4a,False,0,
medical,med_episode_rewrite_en_005_behavioral_bridge_deleted_blue_cedar_contact,t131,5,999ad43c38efdb5e24a9178846d7499f575121617b4f83ece25116ca238fbe9e,True,1,delete
medical,med_episode_rewrite_en_006_hyperkalemia_deleted_harbor_house_alias,t116,6,b6d1cceda66d14e2fc0e5db53757ba21fafebeeeeeb4761efc8708536e39cc46,False,0,
medical,med_episode_rewrite_en_007_thyroid_biopsy_deleted_rose_lodge_contact,t068,7,69ad7d1506faa71bb790a3df18d14fab26a456535b0599d7cb85d74a16c2e471,False,0,
medical,med_episode_rewrite_en_007_thyroid_biopsy_deleted_rose_lodge_contact,t121,7,367619e8bbee4a1514b57156830466480f89e55afef2e9a32d218055ca9634ca,True,1,delete
medical,med_episode_rewrite_en_008_syphilis_deleted_cedar_outreach_line,t132,8,ca4ffee24a8f56ece2032d6211cf4c49979ac34820d2fb66eca923a277fc711a,False,0,
medical,med_episode_rewrite_en_009_pe_deleted_willow_house_line,t093,9,bc7dbef333ccd0ac934256288d53fb00123115030ac7b3d02961fed45536a46c,True,1,delete
medical,med_episode_rewrite_en_010_breast_biopsy_deleted_maple_house_line,t103,10,80ae11fac185d120945344334f6d2d648d88ef962471df9cda56460e6439c07a,False,0,
medical,med_episode_rewrite_en_011_first_seizure_deleted_harbor_steps_line,t118,11,a05284d4b36d44f1b33e14e6d36e0866264e7c19cec166cdeff5f69a5951b5ef,False,0,
medical,med_episode_rewrite_en_012_new_hiv_deleted_harbor_light_line,t084,12,0b45c83b47818e57c659fe2cf804e708b1a44db52458a1d6dd30a2432f91a6b6,False,0,
medical,med_episode_rewrite_en_012_new_hiv_deleted_harbor_light_line,t110,12,5839bca5138428c8c96f18e604f0d31c7532ccc2fa38a77c26cfe521671728d6,False,0,
medical,med_episode_rewrite_en_012_new_hiv_deleted_harbor_light_line,t111,12,fe6a7bd727b9882c392b5d2be953d83ba2dec22baff8fbbb1a46a5471ae6243a,True,1,delete
medical,med_episode_rewrite_en_013_ibd_deleted_pine_harbor_line,t110,13,bbe8184111e9c5c53dc5bc49b2e27841fb4039220cabe2f8c1b182cb431d6809,False,0,
medical,med_episode_rewrite_en_014_lupus_nephritis_deleted_river_house_line,t078,14,1ec3f686e13d7e81b36b272bb9dcf73093aca661ba35671b1c740e6a87d384ac,True,1,delete
medical,med_episode_rewrite_en_015_ms_relapse_deleted_cedar_bridge_line,t103,15,e3340bf2357a0f9bc80214e04625df1b6c431bbcf4c233094dab342469f2e285,True,1,delete
medical,med_episode_rewrite_en_015_ms_relapse_deleted_cedar_bridge_line,t104,15,277df4a544f6568e678c2c94f007c76389176cca4b5f857b7cbd025652fde904,True,1,delete
medical,med_episode_rewrite_en_016_early_pregnancy_deleted_haven_house_line,t073,16,48f99f3b0571eec8129201ddbd93dfe5c942e8298ba2b5eb4353cd1a81cd0453,False,0,
medical,med_episode_rewrite_en_016_early_pregnancy_deleted_haven_house_line,t100,16,23918875e28eb9f007878ef22b53b8f8490d013672d316856ae74ddb875f3e83,True,1,delete
medical,med_episode_rewrite_en_017_melanoma_deleted_harbor_guest_line,t101,17,9080e56c4227539e52ecab592865b78f0f025ef12de5a9b405b6738701d1bffb,True,1,delete
medical,med_episode_rewrite_en_018_hematuria_deleted_harbor_house_line,t069,18,2b54a55b93263b9e983223388c6164626d55057ebcf778609bbf9a3a90001aab,False,0,
medical,med_episode_rewrite_en_018_hematuria_deleted_harbor_house_line,t102,18,19930e68129fe09b3416ef1277334db661a9d05701991e2c33cd5aad85e59574,True,1,delete
medical,med_episode_rewrite_en_019_ascites_deleted_juniper_house_line,t096,19,3282ffe70488b2f7ebc5bff80f72c8b53bd89e9ea1b597d0ad212315bb7d6f2b,False,0,
medical,med_episode_rewrite_en_020_anemia_deleted_river_house_line,t124,20,5fe0de9ea3d96fa929166686771180aa24d352ef4704d8f29f43654816b139eb,True,1,delete
medical,med_episode_rewrite_en_021_gender_clinic_deleted_harbor_bridge_line,t126,21,17df0b93253dad09418bfa49a7b15a53b1bb7dd55d111167c1a857337d98a835,True,1,delete
office,office_episode_custom_en_001_maple_maplemark_dual_project,t050,1,71dc471dbcf2cbe1b8b049a67873aca8720e2182dda477b7c64c9e9054c38b0e,True,1,delete
office,office_episode_custom_en_002_lighthouse_lightforge_dual_project,t072,2,ea97224bf57404e69c80083bdc7b5a82b70ba974551320a82ce102ab5d397534,True,1,delete
office,office_episode_custom_en_002_lighthouse_lightforge_dual_project,t094,2,3f5249010d9ddece1873a83dc9596aa22ec1df753b1baaea856032d5bd07ffdb,True,1,delete
office,office_episode_custom_en_003_copper_copperline_dual_project,t050,3,67fcaed5d85a12b0a6ea26e3536f2d98fc4ecb3137c1d17ebac3634c085624ec,True,1,delete
office,office_episode_custom_en_003_copper_copperline_dual_project,t088,3,9a270f8c68b158fdadc8fef566b6d123161e29054632c05efab3ffc16b1a19cb,True,1,delete
office,office_episode_custom_en_004_summit_summitlane_dual_project,t050,4,671e72352d2f32c489dd285608ecc53b3c5899c9aa0e4151d4ed49a9f3d9b9c7,True,1,delete
office,office_episode_custom_en_005_redwood_redfield_extreme_safety_privacy,t074,5,e279402503008b07f8ee5fd3e5ccfefe28799b6d369ec8a910943f41f62c2e62,True,1,delete
office,office_episode_custom_en_005_redwood_redfield_extreme_safety_privacy,t082,5,e5f6b5008cff8ad338e39bfc5450ec1703b3aea7daa114c97222f0c0598ceab6,True,1,delete
office,office_episode_custom_en_005_redwood_redfield_extreme_safety_privacy,t086,5,0c84be8fcc71ea94fb48f3edff60d789eb098e7bad30b37b1e8eadf8fa8286a0,True,1,delete
office,office_episode_custom_en_006_harbor_harbormark_dual_project,t050,6,1f9b2ca61a04258e5e6a15d6ea37057d68a02620e8e222b83f4088d09bcf8909,True,1,delete
office,office_episode_custom_en_006_harbor_harbormark_dual_project,t058,6,97be9f663f6f00ddc4471b8e7a4cf9013ba5342e74c0634be8e6cd3579a28ecb,True,1,delete
office,office_episode_custom_en_007_pinecrest_pinegrid_dual_project,t050,7,edbcf1869416f17d614a668f19accc59776473e60b232c8a9c89976011ea6e5f,True,1,delete
office,office_episode_custom_en_007_pinecrest_pinegrid_dual_project,t058,7,21797badfe12b96f46dfb8e76ca16352bf9eb7e2ef531f789d47a76a319c61bf,True,1,delete
office,office_episode_custom_en_008_horizon_horizonline_dual_project,t043,8,d7328d5904111de5501fb6777d70ee88238f3d0fa8ead19d070664793d13d58a,True,1,delete
office,office_episode_custom_en_008_horizon_horizonline_dual_project,t044,8,bf8637ec0adca2fd1fe87f248549c7d003bf91925a119ea3ed2c1b685d53d0e5,True,1,delete
office,office_episode_custom_en_008_horizon_horizonline_dual_project,t045,8,455e4e802171ae0c02dc61135cd18e37c1e5c587a09a83ae72081028dfed3b3b,False,0,
office,office_episode_custom_en_009_keystone_keystream_dual_project,t043,9,4dae7487125c660fba01dcfdbbc4222ebb84a66906e99abb5d8e578ea99bcaae,True,1,delete
office,office_episode_custom_en_009_keystone_keystream_dual_project,t044,9,06f0b2427b9a2ee58c04fbbe5df9c092f4ab9d85a1eb8c0d340046a70eaf455c,True,1,delete
office,office_episode_custom_en_009_keystone_keystream_dual_project,t045,9,d2da9ef72304bc055494b58d3fe5ac9f3a67dbc4edf0c755aaffc228ce6ab75a,False,0,
office,office_episode_custom_en_010_monsoon_moonstone_dual_project,t043,10,7addd0f1761b667ec6a08dea5bb6e9c948ad6c3c3d1266d7c8241564b0239ef6,True,1,delete
office,office_episode_custom_en_010_monsoon_moonstone_dual_project,t044,10,7bc2501016620c0322822b656360f141d6b220bd1e3b708fcb2c4076ed396d49,True,1,delete
office,office_episode_custom_en_010_monsoon_moonstone_dual_project,t045,10,8fdb9286714dc9fc19ab3b5350bcaa765b1be59431bde3186d4d55f5d8fd439a,False,0,
office,office_episode_custom_en_011_riverbend_riverbridge_dual_project,t043,11,7afe80b51c2c874a3c9a91d0bb0c2fb544df8a7a159eea952dcef5413338b91e,True,1,delete
office,office_episode_custom_en_011_riverbend_riverbridge_dual_project,t044,11,dd85fc8a262463a20fc3303918096e7c94c13fb8eed5d0bcc9eb530d3e399625,True,1,delete
office,office_episode_custom_en_011_riverbend_riverbridge_dual_project,t045,11,77a4796a5454f26317dc5ff647feda5cba374331fbbbfd4f0de82133e24d5c18,False,0,
office,office_episode_custom_en_012_timber_timberlane_dual_project,t043,12,5f619bc5efb315812a56e17bf510f995f12fd0fe11ec8c0c1e350699f93a129e,True,1,delete
office,office_episode_custom_en_012_timber_timberlane_dual_project,t044,12,3756632fb3e27d6a253215a18c1c230864421e90762344123b0123245b406360,True,1,delete
office,office_episode_custom_en_012_timber_timberlane_dual_project,t045,12,2f82b9543bd98f23b4186d1dc0cdebc1fc005910fd89df2ad8137ac8495f51d5,False,0,
office,office_episode_custom_en_013_ember_emberline_dual_project,t043,13,3c0807edbe3537b79cc6232f67732499afaf4748bf89a0c8478b54ad46f37036,True,1,delete
office,office_episode_custom_en_013_ember_emberline_dual_project,t044,13,1c773aa12039668367897a1a5101c44ab54923f542623a695a25090111b9a567,True,1,delete
office,office_episode_custom_en_013_ember_emberline_dual_project,t045,13,e647ec25f388c8b0bb8570b680cbc49ac7973a24e84fd6c81f4200f6a3ce1211,False,0,
office,office_episode_custom_en_014_glacier_glacierlane_dual_project,t043,14,e02a725f18aa4002af17c30fcb25742641881d53871824838acaecab59ed7241,True,1,delete
office,office_episode_custom_en_014_glacier_glacierlane_dual_project,t044,14,8172900e41f94d26cf5ec39e49cf88c30cc32493a25fdb849289d83bbcea8bed,True,1,delete
office,office_episode_custom_en_014_glacier_glacierlane_dual_project,t045,14,cf7a40d2c1b21b6725756b04cdc4df448d3cda66c5e89d6d7e948a5f3c05eb56,False,0,
office,office_episode_custom_en_015_sterling_sterlingbridge_dual_project,t043,15,044208bc85c7a422cbca0dd53a2ac39c800e709573b0e0daec48b3a94aa32f29,True,1,delete
office,office_episode_custom_en_015_sterling_sterlingbridge_dual_project,t044,15,c1390a4e75a961ff4c98426a7ecd0835f5e3d35491ed712df1de643a446070f5,True,1,delete
office,office_episode_custom_en_015_sterling_sterlingbridge_dual_project,t045,15,0811bef64b84c7a5019c2a94a9075a32536ca754adfc0b5be1f6eeab34167097,False,0,
office,office_episode_custom_en_016_anchor_anchorline_dual_project,t043,16,2eb841b12c6b1ed0d7ed9232d8ed09a4254f061aaddd30cedfc156996eeb95ab,True,1,delete
office,office_episode_custom_en_016_anchor_anchorline_dual_project,t044,16,3ddc142ba49670dac99a44d0036b9a6850a7b716216b1785a37a8527c1631667,True,1,delete
office,office_episode_custom_en_016_anchor_anchorline_dual_project,t045,16,2ed1e87b499d61853c2d8c227ff62f1d6571334e2f6330c15a328c41d14de4cc,False,0,
office,office_episode_custom_en_017_willow_willowmark_dual_project,t043,17,0bd36ce12a87f3ca0e44f2814adb28e678b8e66fc41ca8e54a5a789cc4df5bc2,True,1,delete
office,office_episode_custom_en_017_willow_willowmark_dual_project,t044,17,138502323d2eb0b24ec012cb542e1dddfdacc3cb232e6437179d5e70793c17d0,True,1,delete
office,office_episode_custom_en_017_willow_willowmark_dual_project,t045,17,657b75e2e50ba1b5bc62cca77f5f0ae8553e431a0896498359985eafbac263b1,False,0,
